"","SRR1039508","SRR1039509","SRR1039512","SRR1039513","SRR1039516","SRR1039517","SRR1039520","SRR1039521"
"T cells",0.225603603521955,0.133313559996775,0.224754291631563,0.113311824935564,0.317661123554719,0.246125237287497,0.445288515828417,0.293020504996597
"Cytotoxic lymphocytes",0.00814040557638679,0.0165957215108431,0.0291833825724788,0.00942665209180755,0.034887586909416,0.00791312932076955,0.0347177087027222,0.0196236739892764
"B lineage",0.18873289739838,0.0942679984304552,0.167801093995522,0.252083330429613,0.136689248264841,0.0689912601702895,0.0823361822800358,0.0674930701765043
"NK cells",0.103559564275729,0.118972500085355,0.11790248380584,0.09544846669256,0.216167269717278,0.201449012668596,0.114123823073859,0.149316953618974
"Monocytic lineage",0.824775688606094,0.990663063701534,0.565319433836879,0.469522456171592,1.90667606435905,1.14622003512539,0.82996170452464,0.74520052952343
"Myeloid dendritic cells",3.09472094021147,1.42661431750513,3.51952964226595,1.70587764075804,2.89751784621253,0.973470100084889,4.0414246319994,1.54292359298316
"Neutrophils",1.42653737173853,1.50580112370682,1.35751713265956,2.35882521594123,1.39464498639618,1.51579397702026,1.55283779005895,1.89949864312708
"Endothelial cells",1.97434907105468,1.97491613286665,1.73444555664138,1.32444219731056,2.10026142755399,1.3647183880257,2.15606647927289,1.81470491150564
"Fibroblasts",1281.75203810272,860.340540610244,1502.01016752327,1088.41746658769,1513.09119859541,1466.702456836,1675.22994401037,1207.73605195589
